CookerStat, GenerateAssetRegistry=0.026748, Initialize=0.138711, RunGuid=RunID3C1B92A0453CF1600FCC97AA91422040
DDCTransactionIdADD10D9744B9314227E98DA9789792E4_0, PutCachedData=, CacheKey=REFL_FULL_0C6693969CB849AE9F4120FF5812F4D2_7B0E8A9447B0FF07610D6C94574650FA, StartTime=2016.04.26-19.26.08, HierarchicalDDC=, DataSize=162403, Duration=2.315450, RunGuid=RunID3C1B92A0453CF1600FCC97AA91422040
SavePackageTransactionId3DBA54E4469CFC9AB0CFFEAE71587962_0, Filename=../../../../../../Unreal Project/TwinStickShooter 4.11/Saved/Autosaves/Game/AnimationAssets/NewBlendSpace_Auto1.uasset, AutoPackageBackupDelegate=24.902702, FlushAsyncLoading=0.012130, FlushStreamingFunc=0.061892, BlockTillAllRequestsFinished=0.009019, ResetLoadersForSaveUnMarkAllObjects=0.453137, TagPackageExports=0.053495, BeginCacheForCookedPlatformData=0.002798, SerializeImports=1.053382, GatherLocalizableTextData=0.354860, MarkNames=0.015862, SerializeSummary=0.023324, SerializeNames=0.058159, SerializeGatherableTextData=0.002488, BuildExportMap=0.077132, SortExportsNonSeekfree=0.010263, SortExportsSeekfreeConstructor=0.103876, SortExportsSeekfreeInner=0.663377, SortExportsSeekfree=0.006843, BuildDependencyMap=0.018038, SerializeImportMap=0.014618, SerializeExportMap=0.008706, SerializeDependencyMap=0.002488, SerializeStringAssetReferenceMap=0.002488, SaveThumbNailsAssetRegistryDataWorldLevelInfo=10.606918, SerializeExports=1.002688, SerializeBulkData=0.018351, MoveFile=1.278866, UnaccountedTime=0.148039, RunGuid=RunID3C1B92A0453CF1600FCC97AA91422040
SavePackageTransactionId3DBA54E4469CFC9AB0CFFEAE71587962_1, Filename=../../../../../../Unreal Project/TwinStickShooter 4.11/Saved/Autosaves/Game/AnimationAssets/NewAnimBlueprint_Auto1.uasset, AutoPackageBackupDelegate=0.135910, FlushAsyncLoading=0.004977, FlushStreamingFunc=0.063755, BlockTillAllRequestsFinished=0.006221, ResetLoadersForSaveUnMarkAllObjects=0.219882, TagPackageExports=1.100346, BeginCacheForCookedPlatformData=0.003107, SerializeImports=2.339400, GatherLocalizableTextData=12.483854, MarkNames=0.045717, SerializeSummary=0.017729, SerializeNames=0.145238, SerializeGatherableTextData=0.011820, BuildExportMap=0.100765, SortExportsNonSeekfree=0.071220, SortExportsSeekfreeConstructor=0.013374, SortExportsSeekfreeInner=2.352465, SortExportsSeekfree=0.005908, BuildDependencyMap=0.018660, SerializeImportMap=0.009950, SerializeExportMap=0.016797, SerializeDependencyMap=0.002179, SerializeStringAssetReferenceMap=0.002176, SaveThumbNailsAssetRegistryDataWorldLevelInfo=13.119240, SerializeExports=1.414776, SerializeBulkData=0.004042, MoveFile=0.936445, UnaccountedTime=0.137776, RunGuid=RunID3C1B92A0453CF1600FCC97AA91422040
SavePackageTransactionId3DBA54E4469CFC9AB0CFFEAE71587962_2, Filename=../../../../../../Unreal Project/TwinStickShooter 4.11/Content/AnimationAssets/characterAnimateBP.uasset, AutoPackageBackupDelegate=0.134978, FlushAsyncLoading=0.004664, FlushStreamingFunc=0.052560, BlockTillAllRequestsFinished=0.004977, ResetLoadersForSaveUnMarkAllObjects=0.181939, TagPackageExports=0.886682, BeginCacheForCookedPlatformData=0.002488, SerializeImports=1.521450, GatherLocalizableTextData=0.542711, MarkNames=0.018347, SerializeSummary=0.013065, SerializeNames=0.099212, SerializeGatherableTextData=0.008397, BuildExportMap=0.061579, SortExportsNonSeekfree=0.043850, SortExportsSeekfreeConstructor=0.091437, SortExportsSeekfreeInner=3.068089, SortExportsSeekfree=0.005599, BuildDependencyMap=0.018660, SerializeImportMap=0.010263, SerializeExportMap=0.012130, SerializeDependencyMap=0.001866, SerializeStringAssetReferenceMap=0.001553, SaveThumbNailsAssetRegistryDataWorldLevelInfo=20.416416, SerializeExports=1.308408, SerializeBulkData=0.004046, MoveFile=1.163479, UnaccountedTime=1.741953, RunGuid=RunID3C1B92A0453CF1600FCC97AA91422040
DDCTransactionIdADD10D9744B9314227E98DA9789792E4_1, PutCachedData=, CacheKey=REFL_FULL_0C6693969CB849AE9F4120FF5812F4D2_764C0D4847325E22ED112484341F79D9, StartTime=2016.04.26-19.35.09, HierarchicalDDC=, DataSize=162403, Duration=2.578877, RunGuid=RunID3C1B92A0453CF1600FCC97AA91422040
SavePackageTransactionId3DBA54E4469CFC9AB0CFFEAE71587962_3, Filename=../../../../../../Unreal Project/TwinStickShooter 4.11/Saved/Autosaves/Game/AnimationAssets/NewAnimBlueprint_Auto2.uasset, AutoPackageBackupDelegate=0.093926, FlushAsyncLoading=0.004042, FlushStreamingFunc=0.107300, BlockTillAllRequestsFinished=0.005908, ResetLoadersForSaveUnMarkAllObjects=0.179142, TagPackageExports=0.008088, BeginCacheForCookedPlatformData=0.001244, SerializeImports=0.491392, GatherLocalizableTextData=0.012752, MarkNames=0.004355, SerializeSummary=0.011817, SerializeNames=0.012130, SerializeGatherableTextData=0.001244, BuildExportMap=0.009328, SortExportsNonSeekfree=0.003424, SortExportsSeekfreeConstructor=0.065312, SortExportsSeekfreeInner=0.011507, SortExportsSeekfree=0.001553, BuildDependencyMap=0.005286, SerializeImportMap=0.042919, SerializeExportMap=0.021771, SerializeDependencyMap=0.000935, SerializeStringAssetReferenceMap=0.001863, SaveThumbNailsAssetRegistryDataWorldLevelInfo=0.014931, SerializeExports=0.022080, SerializeBulkData=0.006843, MoveFile=1.065202, UnaccountedTime=0.103254, RunGuid=RunID3C1B92A0453CF1600FCC97AA91422040
SavePackageTransactionId3DBA54E4469CFC9AB0CFFEAE71587962_4, Filename=../../../../../../Unreal Project/TwinStickShooter 4.11/Saved/Autosaves/Game/AnimationAssets/NewBlendSpace_Auto3.uasset, AutoPackageBackupDelegate=5.043302, FlushAsyncLoading=0.011817, FlushStreamingFunc=0.083040, BlockTillAllRequestsFinished=0.008397, ResetLoadersForSaveUnMarkAllObjects=0.258446, TagPackageExports=0.030790, BeginCacheForCookedPlatformData=0.001244, SerializeImports=0.854336, GatherLocalizableTextData=0.182562, MarkNames=0.007775, SerializeSummary=0.022706, SerializeNames=0.034209, SerializeGatherableTextData=0.001244, BuildExportMap=0.036389, SortExportsNonSeekfree=0.004977, SortExportsSeekfreeConstructor=0.062201, SortExportsSeekfreeInner=0.395913, SortExportsSeekfree=0.003420, BuildDependencyMap=0.008088, SerializeImportMap=0.007465, SerializeExportMap=0.004664, SerializeDependencyMap=0.001244, SerializeStringAssetReferenceMap=0.001557, SaveThumbNailsAssetRegistryDataWorldLevelInfo=0.162344, SerializeExports=0.902236, SerializeBulkData=0.005908, MoveFile=0.882640, UnaccountedTime=0.103876, RunGuid=RunID3C1B92A0453CF1600FCC97AA91422040
SavePackageTransactionId3DBA54E4469CFC9AB0CFFEAE71587962_5, Filename=../../../../../../Unreal Project/TwinStickShooter 4.11/Content/AnimationAssets/NewBlendSpace.uasset, AutoPackageBackupDelegate=3.131848, FlushAsyncLoading=0.003420, FlushStreamingFunc=0.055671, BlockTillAllRequestsFinished=0.005599, ResetLoadersForSaveUnMarkAllObjects=1.123361, TagPackageExports=0.031412, BeginCacheForCookedPlatformData=0.001553, SerializeImports=0.618286, GatherLocalizableTextData=0.181317, MarkNames=0.008084, SerializeSummary=0.012130, SerializeNames=0.033591, SerializeGatherableTextData=0.001244, BuildExportMap=0.042297, SortExportsNonSeekfree=0.005595, SortExportsSeekfreeConstructor=0.008397, SortExportsSeekfreeInner=0.374768, SortExportsSeekfree=0.003420, BuildDependencyMap=0.006843, SerializeImportMap=0.007775, SerializeExportMap=0.004977, SerializeDependencyMap=0.001244, SerializeStringAssetReferenceMap=0.001557, SaveThumbNailsAssetRegistryDataWorldLevelInfo=0.158302, SerializeExports=0.945464, SerializeBulkData=0.005595, MoveFile=1.405135, UnaccountedTime=1.347594, RunGuid=RunID3C1B92A0453CF1600FCC97AA91422040
SavePackageTransactionId3DBA54E4469CFC9AB0CFFEAE71587962_6, Filename=../../../../../../Unreal Project/TwinStickShooter 4.11/Content/AnimationAssets/NewBlendSpace.uasset, AutoPackageBackupDelegate=2.979767, FlushAsyncLoading=0.003111, FlushStreamingFunc=0.058468, BlockTillAllRequestsFinished=0.004042, ResetLoadersForSaveUnMarkAllObjects=0.125960, TagPackageExports=0.030480, BeginCacheForCookedPlatformData=0.001244, SerializeImports=0.538353, GatherLocalizableTextData=0.178833, MarkNames=0.007775, SerializeSummary=0.009328, SerializeNames=0.031102, SerializeGatherableTextData=0.001244, BuildExportMap=0.035144, SortExportsNonSeekfree=0.004351, SortExportsSeekfreeConstructor=0.008088, SortExportsSeekfreeInner=0.373520, SortExportsSeekfree=0.003111, BuildDependencyMap=0.007775, SerializeImportMap=0.013687, SerializeExportMap=0.008706, SerializeDependencyMap=0.001244, SerializeStringAssetReferenceMap=0.001866, SaveThumbNailsAssetRegistryDataWorldLevelInfo=0.158615, SerializeExports=1.415085, SerializeBulkData=0.010572, MoveFile=1.439966, UnaccountedTime=1.017619, RunGuid=RunID3C1B92A0453CF1600FCC97AA91422040
DDCTransactionIdADD10D9744B9314227E98DA9789792E4_2, PutCachedData=, CacheKey=REFL_FULL_0C6693969CB849AE9F4120FF5812F4D2_DA8E60A447FFAC6762D0B2BF91196BD3, StartTime=2016.04.26-20.01.16, HierarchicalDDC=, DataSize=162403, Duration=3.404289, RunGuid=RunID3C1B92A0453CF1600FCC97AA91422040
SavePackageTransactionId3DBA54E4469CFC9AB0CFFEAE71587962_7, Filename=../../../../../../Unreal Project/TwinStickShooter 4.11/Content/AnimationAssets/characterAnimateBP.uasset, AutoPackageBackupDelegate=5.027440, FlushAsyncLoading=0.009019, FlushStreamingFunc=0.051007, BlockTillAllRequestsFinished=0.005908, ResetLoadersForSaveUnMarkAllObjects=0.158302, TagPackageExports=1.058668, BeginCacheForCookedPlatformData=0.002488, SerializeImports=15.842422, GatherLocalizableTextData=17.647512, MarkNames=0.041056, SerializeSummary=0.015859, SerializeNames=0.112586, SerializeGatherableTextData=0.136223, BuildExportMap=0.097346, SortExportsNonSeekfree=0.076819, SortExportsSeekfreeConstructor=0.064999, SortExportsSeekfreeInner=1.937889, SortExportsSeekfree=0.003733, BuildDependencyMap=0.022393, SerializeImportMap=0.012752, SerializeExportMap=0.011817, SerializeDependencyMap=0.056911, SerializeStringAssetReferenceMap=0.004046, SaveThumbNailsAssetRegistryDataWorldLevelInfo=8.082468, SerializeExports=1.705255, SerializeBulkData=0.004977, MoveFile=1.204222, UnaccountedTime=0.916228, RunGuid=RunID3C1B92A0453CF1600FCC97AA91422040
SavePackageTransactionId3DBA54E4469CFC9AB0CFFEAE71587962_8, Filename=../../../../../../Unreal Project/TwinStickShooter 4.11/Content/Blueprints/HeroCharacter.uasset, AutoPackageBackupDelegate=17.563541, FlushAsyncLoading=0.012442, FlushStreamingFunc=0.050072, BlockTillAllRequestsFinished=0.005908, ResetLoadersForSaveUnMarkAllObjects=0.190336, TagPackageExports=19.075972, BeginCacheForCookedPlatformData=0.007778, SerializeImports=19.515425, GatherLocalizableTextData=15.053395, MarkNames=0.183806, SerializeSummary=0.023637, SerializeNames=0.479884, SerializeGatherableTextData=0.196867, BuildExportMap=0.507567, SortExportsNonSeekfree=2.410307, SortExportsSeekfreeConstructor=0.084907, SortExportsSeekfreeInner=31.966932, SortExportsSeekfree=0.009950, BuildDependencyMap=0.180386, SerializeImportMap=0.034835, SerializeExportMap=0.102319, SerializeDependencyMap=0.023324, SerializeStringAssetReferenceMap=0.004042, SaveThumbNailsAssetRegistryDataWorldLevelInfo=12.268946, SerializeExports=27.599760, SerializeBulkData=0.013996, MoveFile=18.572140, UnaccountedTime=2.724115, RunGuid=RunID3C1B92A0453CF1600FCC97AA91422040
SavePackageTransactionId3DBA54E4469CFC9AB0CFFEAE71587962_9, Filename=../../../../../../Unreal Project/TwinStickShooter 4.11/Saved/Autosaves/Game/AnimationAssets/characterAnimateBP_Auto4.uasset, AutoPackageBackupDelegate=7.366218, FlushAsyncLoading=0.011507, FlushStreamingFunc=0.056915, BlockTillAllRequestsFinished=0.006218, ResetLoadersForSaveUnMarkAllObjects=0.163592, TagPackageExports=2.150308, BeginCacheForCookedPlatformData=0.002488, SerializeImports=10.637086, GatherLocalizableTextData=1.759373, MarkNames=0.036076, SerializeSummary=0.015240, SerializeNames=0.161413, SerializeGatherableTextData=0.124715, BuildExportMap=0.111029, SortExportsNonSeekfree=0.192512, SortExportsSeekfreeConstructor=0.064068, SortExportsSeekfreeInner=3.269937, SortExportsSeekfree=0.005599, BuildDependencyMap=0.029854, SerializeImportMap=0.014309, SerializeExportMap=0.015862, SerializeDependencyMap=0.004355, SerializeStringAssetReferenceMap=0.001866, SaveThumbNailsAssetRegistryDataWorldLevelInfo=9.189654, SerializeExports=3.528696, SerializeBulkData=0.008084, MoveFile=0.981227, UnaccountedTime=0.125337, RunGuid=RunID3C1B92A0453CF1600FCC97AA91422040
SavePackageTransactionId3DBA54E4469CFC9AB0CFFEAE71587962_10, Filename=../../../../../../Unreal Project/TwinStickShooter 4.11/Content/AnimationAssets/characterAnimateBP.uasset, AutoPackageBackupDelegate=3.631949, FlushAsyncLoading=0.003420, FlushStreamingFunc=0.034835, BlockTillAllRequestsFinished=0.004042, ResetLoadersForSaveUnMarkAllObjects=0.170123, TagPackageExports=4.461717, BeginCacheForCookedPlatformData=0.004355, SerializeImports=6.237257, GatherLocalizableTextData=4.955288, MarkNames=0.053804, SerializeSummary=0.019595, SerializeNames=0.143684, SerializeGatherableTextData=0.163589, BuildExportMap=0.132181, SortExportsNonSeekfree=0.473972, SortExportsSeekfreeConstructor=0.068422, SortExportsSeekfreeInner=4.501838, SortExportsSeekfree=0.005908, BuildDependencyMap=0.061892, SerializeImportMap=0.016794, SerializeExportMap=0.023950, SerializeDependencyMap=0.006221, SerializeStringAssetReferenceMap=0.002176, SaveThumbNailsAssetRegistryDataWorldLevelInfo=10.759625, SerializeExports=5.946156, SerializeBulkData=0.010885, MoveFile=1.698412, UnaccountedTime=1.347285, RunGuid=RunID3C1B92A0453CF1600FCC97AA91422040
DDCTransactionIdADD10D9744B9314227E98DA9789792E4_3, PutCachedData=, CacheKey=REFL_FULL_0C6693969CB849AE9F4120FF5812F4D2_B8AAA30640F9D72B2FF9249BF725CCA6, StartTime=2016.04.26-20.11.50, HierarchicalDDC=, DataSize=162403, Duration=3.284555, RunGuid=RunID3C1B92A0453CF1600FCC97AA91422040
DDCTransactionIdB4CCCEBD4EA7F888AF2DE29DBF8D38AF_0, BuildTexture=, CacheKey=TEXTURE_814DCC3DC72143F49509781513CB9855_BGRA8_4963A1D64E358284C2A151B90C2ACE24_07_0000803F0000803F0000803F000000000000803F00000000000000000000803F0000000000000000020000000D000100000000000101000000040000803FFFFFFFFF00000000FF00FF00FFFF8180803B, StartTime=2016.04.26-20.11.50, Duration=29.905260, RunGuid=RunID3C1B92A0453CF1600FCC97AA91422040
DDCTransactionIdADD10D9744B9314227E98DA9789792E4_4, PutCachedData=, CacheKey=TEXTURE_814DCC3DC72143F49509781513CB9855_BGRA8_4963A1D64E358284C2A151B90C2ACE2__0877A119ECF8D290E51A42A8C457FAB4635C4CE5, StartTime=2016.04.26-20.11.50, HierarchicalDDC=, DataSize=6712, Duration=2.240188, RunGuid=RunID3C1B92A0453CF1600FCC97AA91422040
DDCTransactionIdB4CCCEBD4EA7F888AF2DE29DBF8D38AF_1, BuildTexture=, CacheKey=TEXTURE_814DCC3DC72143F49509781513CB9855_BGRA8_70FBE2144E9E03B3586828844F8F9E39_07_0000803F0000803F0000803F000000000000803F00000000000000000000803F0000000000000000020000000D000100000000000101000000040000803FFFFFFFFF00000000FF00FF00FFFF8180803B, StartTime=2016.04.26-20.11.50, Duration=0.615485, RunGuid=RunID3C1B92A0453CF1600FCC97AA91422040
DDCTransactionIdADD10D9744B9314227E98DA9789792E4_5, PutCachedData=, CacheKey=TEXTURE_814DCC3DC72143F49509781513CB9855_BGRA8_70FBE2144E9E03B3586828844F8F9E3__AAD3CE188F72F692D5AA9967E2CA3DEDA43A777F, StartTime=2016.04.26-20.11.50, HierarchicalDDC=, DataSize=16696, Duration=2.334423, RunGuid=RunID3C1B92A0453CF1600FCC97AA91422040
DDCTransactionIdB4CCCEBD4EA7F888AF2DE29DBF8D38AF_2, BuildTexture=, CacheKey=TEXTURE_814DCC3DC72143F49509781513CB9855_BGRA8_D07216FC40952418CFE0E28778D79B21_07_0000803F0000803F0000803F000000000000803F00000000000000000000803F0000000000000000020000000D000100000000000101000000040000803FFFFFFFFF00000000FF00FF00FFFF8180803B, StartTime=2016.04.26-20.11.50, Duration=0.245076, RunGuid=RunID3C1B92A0453CF1600FCC97AA91422040
DDCTransactionIdADD10D9744B9314227E98DA9789792E4_6, PutCachedData=, CacheKey=TEXTURE_814DCC3DC72143F49509781513CB9855_BGRA8_D07216FC40952418CFE0E28778D79B2__89B7DC46CA82953BBE8057421208BB96E5C619A9, StartTime=2016.04.26-20.11.50, HierarchicalDDC=, DataSize=6712, Duration=2.875578, RunGuid=RunID3C1B92A0453CF1600FCC97AA91422040
DDCTransactionIdB4CCCEBD4EA7F888AF2DE29DBF8D38AF_3, BuildTexture=, CacheKey=TEXTURE_814DCC3DC72143F49509781513CB9855_BGRA8_0334AFB24D2E5AA9081F9BAFF9F95EE0_07_0000803F0000803F0000803F000000000000803F00000000000000000000803F0000000000000000020000000D000100000000000101000000040000803FFFFFFFFF00000000FF00FF00FFFF8180803B, StartTime=2016.04.26-20.11.50, Duration=0.242274, RunGuid=RunID3C1B92A0453CF1600FCC97AA91422040
DDCTransactionIdADD10D9744B9314227E98DA9789792E4_7, PutCachedData=, CacheKey=TEXTURE_814DCC3DC72143F49509781513CB9855_BGRA8_0334AFB24D2E5AA9081F9BAFF9F95EE__ED95787AC12E31E95E769FBE5E7BFB4D77C53CB8, StartTime=2016.04.26-20.11.50, HierarchicalDDC=, DataSize=6712, Duration=2.290886, RunGuid=RunID3C1B92A0453CF1600FCC97AA91422040
DDCTransactionIdB4CCCEBD4EA7F888AF2DE29DBF8D38AF_4, BuildTexture=, CacheKey=TEXTURE_814DCC3DC72143F49509781513CB9855_BGRA8_7F344B3E4D4266CCE88B709D7F500421_07_0000803F0000803F0000803F000000000000803F00000000000000000000803F0000000000000000020000000D000100000000000101000000040000803FFFFFFFFF00000000FF00FF00FFFF8180803B, StartTime=2016.04.26-20.11.50, Duration=0.578165, RunGuid=RunID3C1B92A0453CF1600FCC97AA91422040
DDCTransactionIdADD10D9744B9314227E98DA9789792E4_8, PutCachedData=, CacheKey=TEXTURE_814DCC3DC72143F49509781513CB9855_BGRA8_7F344B3E4D4266CCE88B709D7F50042__222921CF9CB8F9912A54CD18C79B85BF33F2DF2A, StartTime=2016.04.26-20.11.50, HierarchicalDDC=, DataSize=16696, Duration=3.269624, RunGuid=RunID3C1B92A0453CF1600FCC97AA91422040
DDCTransactionIdB4CCCEBD4EA7F888AF2DE29DBF8D38AF_5, BuildTexture=, CacheKey=TEXTURE_814DCC3DC72143F49509781513CB9855_BGRA8_8A9D9D2A48FA9339997AE79343CFD879_07_0000803F0000803F0000803F000000000000803F00000000000000000000803F0000000000000000020000000D000100000000000101000000040000803FFFFFFFFF00000000FF00FF00FFFF8180803B, StartTime=2016.04.26-20.11.50, Duration=0.622638, RunGuid=RunID3C1B92A0453CF1600FCC97AA91422040
DDCTransactionIdADD10D9744B9314227E98DA9789792E4_9, PutCachedData=, CacheKey=TEXTURE_814DCC3DC72143F49509781513CB9855_BGRA8_8A9D9D2A48FA9339997AE79343CFD87__6E53AEB85A1CEED333B46798B5D732E0DB5F7973, StartTime=2016.04.26-20.11.50, HierarchicalDDC=, DataSize=16696, Duration=2.240811, RunGuid=RunID3C1B92A0453CF1600FCC97AA91422040
DDCTransactionIdB4CCCEBD4EA7F888AF2DE29DBF8D38AF_6, BuildTexture=, CacheKey=TEXTURE_814DCC3DC72143F49509781513CB9855_BGRA8_4FCFE7AC4BB0792204B58EA6C32D3177_07_0000803F0000803F0000803F000000000000803F00000000000000000000803F0000000000000000020000000D000100000000000101000000040000803FFFFFFFFF00000000FF00FF00FFFF8180803B, StartTime=2016.04.26-20.11.50, Duration=0.898816, RunGuid=RunID3C1B92A0453CF1600FCC97AA91422040
DDCTransactionIdADD10D9744B9314227E98DA9789792E4_10, PutCachedData=, CacheKey=TEXTURE_814DCC3DC72143F49509781513CB9855_BGRA8_4FCFE7AC4BB0792204B58EA6C32D317__518950B96519736055C0913F8CEB6A8A2425EEC0, StartTime=2016.04.26-20.11.50, HierarchicalDDC=, DataSize=16696, Duration=3.141180, RunGuid=RunID3C1B92A0453CF1600FCC97AA91422040
DDCTransactionIdB4CCCEBD4EA7F888AF2DE29DBF8D38AF_7, BuildTexture=, CacheKey=TEXTURE_814DCC3DC72143F49509781513CB9855_BGRA8_D3CEBA6D46C9A259115E97AB0F4C15DF_07_0000803F0000803F0000803F000000000000803F00000000000000000000803F0000000000000000020000000D000100000000000101000000040000803FFFFFFFFF00000000FF00FF00FFFF8180803B, StartTime=2016.04.26-20.11.51, Duration=0.520628, RunGuid=RunID3C1B92A0453CF1600FCC97AA91422040
DDCTransactionIdADD10D9744B9314227E98DA9789792E4_11, PutCachedData=, CacheKey=TEXTURE_814DCC3DC72143F49509781513CB9855_BGRA8_D3CEBA6D46C9A259115E97AB0F4C15D__D48CF3D72478D4898EA5113CA76D953D7794E8EB, StartTime=2016.04.26-20.11.51, HierarchicalDDC=, DataSize=16696, Duration=2.756149, RunGuid=RunID3C1B92A0453CF1600FCC97AA91422040
DDCTransactionIdB4CCCEBD4EA7F888AF2DE29DBF8D38AF_8, BuildTexture=, CacheKey=TEXTURE_814DCC3DC72143F49509781513CB9855_BGRA8_BCE8FE5741A00FEBD2B9A5B20374AA1B_07_0000803F0000803F0000803F000000000000803F00000000000000000000803F0000000000000000020000000D000000000000000101000000040000803FFFFFFFFF00000000FF00FF00FFFF8180803B, StartTime=2016.04.26-20.11.51, Duration=0.244763, RunGuid=RunID3C1B92A0453CF1600FCC97AA91422040
DDCTransactionIdADD10D9744B9314227E98DA9789792E4_12, PutCachedData=, CacheKey=TEXTURE_814DCC3DC72143F49509781513CB9855_BGRA8_BCE8FE5741A00FEBD2B9A5B20374AA1__4410B99AB8D8E546A8817042EF75F318D48732CD, StartTime=2016.04.26-20.11.51, HierarchicalDDC=, DataSize=16696, Duration=2.816800, RunGuid=RunID3C1B92A0453CF1600FCC97AA91422040
SavePackageTransactionId3DBA54E4469CFC9AB0CFFEAE71587962_11, Filename=../../../../../../Unreal Project/TwinStickShooter 4.11/Content/AnimationAssets/NewAnimBlueprint.uasset, AutoPackageBackupDelegate=0.089571, FlushAsyncLoading=0.003733, FlushStreamingFunc=0.097033, BlockTillAllRequestsFinished=0.005599, ResetLoadersForSaveUnMarkAllObjects=0.140887, TagPackageExports=0.008084, BeginCacheForCookedPlatformData=0.000935, SerializeImports=0.462778, GatherLocalizableTextData=0.010885, MarkNames=0.004042, SerializeSummary=0.009019, SerializeNames=0.009954, SerializeGatherableTextData=0.001244, BuildExportMap=0.008710, SortExportsNonSeekfree=0.003107, SortExportsSeekfreeConstructor=0.060339, SortExportsSeekfreeInner=0.010263, SortExportsSeekfree=0.001553, BuildDependencyMap=0.004977, SerializeImportMap=0.043850, SerializeExportMap=0.055362, SerializeDependencyMap=0.000931, SerializeStringAssetReferenceMap=0.001866, SaveThumbNailsAssetRegistryDataWorldLevelInfo=0.013061, SerializeExports=0.004977, SerializeBulkData=0.003111, MoveFile=0.758547, UnaccountedTime=0.901300, RunGuid=RunID3C1B92A0453CF1600FCC97AA91422040
SavePackageTransactionId3DBA54E4469CFC9AB0CFFEAE71587962_12, Filename=../../../../../../Unreal Project/TwinStickShooter 4.11/Content/AnimationAssets/characterAnimateBP.uasset, AutoPackageBackupDelegate=3.502570, FlushAsyncLoading=0.005595, FlushStreamingFunc=0.107300, BlockTillAllRequestsFinished=0.005286, ResetLoadersForSaveUnMarkAllObjects=0.146486, TagPackageExports=3.522161, BeginCacheForCookedPlatformData=0.004355, SerializeImports=4.268892, GatherLocalizableTextData=3.208976, MarkNames=0.047274, SerializeSummary=0.014927, SerializeNames=0.139333, SerializeGatherableTextData=0.153325, BuildExportMap=0.133112, SortExportsNonSeekfree=0.410218, SortExportsSeekfreeConstructor=0.013065, SortExportsSeekfreeInner=4.165638, SortExportsSeekfree=0.005595, BuildDependencyMap=0.040121, SerializeImportMap=0.020213, SerializeExportMap=0.039812, SerializeDependencyMap=0.005286, SerializeStringAssetReferenceMap=0.001866, SaveThumbNailsAssetRegistryDataWorldLevelInfo=8.465011, SerializeExports=6.068073, SerializeBulkData=0.012439, MoveFile=1.359101, UnaccountedTime=0.994604, RunGuid=RunID3C1B92A0453CF1600FCC97AA91422040
SavePackageTransactionId3DBA54E4469CFC9AB0CFFEAE71587962_13, Filename=../../../../../../Unreal Project/TwinStickShooter 4.11/Content/AnimationAssets/characterAnimateBP.uasset, AutoPackageBackupDelegate=4.932895, FlushAsyncLoading=0.009950, FlushStreamingFunc=0.050385, BlockTillAllRequestsFinished=0.007153, ResetLoadersForSaveUnMarkAllObjects=0.204954, TagPackageExports=3.624797, BeginCacheForCookedPlatformData=0.004042, SerializeImports=6.486688, GatherLocalizableTextData=3.039792, MarkNames=0.044782, SerializeSummary=0.015862, SerializeNames=0.140265, SerializeGatherableTextData=0.175096, BuildExportMap=0.134047, SortExportsNonSeekfree=0.407107, SortExportsSeekfreeConstructor=0.060648, SortExportsSeekfreeInner=5.321342, SortExportsSeekfree=0.006221, BuildDependencyMap=0.043541, SerializeImportMap=0.017107, SerializeExportMap=0.024568, SerializeDependencyMap=0.004977, SerializeStringAssetReferenceMap=0.001553, SaveThumbNailsAssetRegistryDataWorldLevelInfo=9.673275, SerializeExports=6.557599, SerializeBulkData=0.009950, MoveFile=1.715832, UnaccountedTime=0.149596, RunGuid=RunID3C1B92A0453CF1600FCC97AA91422040
DDCTransactionIdADD10D9744B9314227E98DA9789792E4_13, PutCachedData=, CacheKey=REFL_FULL_0C6693969CB849AE9F4120FF5812F4D2_F1EA52D94B4226A29B2F80823C942E83, StartTime=2016.04.26-20.14.47, HierarchicalDDC=, DataSize=162403, Duration=3.067471, RunGuid=RunID3C1B92A0453CF1600FCC97AA91422040
SavePackageTransactionId3DBA54E4469CFC9AB0CFFEAE71587962_14, Filename=../../../../../../Unreal Project/TwinStickShooter 4.11/Content/Blueprints/HeroCharacter.uasset, AutoPackageBackupDelegate=16.800325, FlushAsyncLoading=0.012752, FlushStreamingFunc=0.057224, BlockTillAllRequestsFinished=0.006221, ResetLoadersForSaveUnMarkAllObjects=0.189405, TagPackageExports=17.336502, BeginCacheForCookedPlatformData=0.006843, SerializeImports=24.418772, GatherLocalizableTextData=13.992861, MarkNames=0.116006, SerializeSummary=0.017419, SerializeNames=0.371031, SerializeGatherableTextData=0.150215, BuildExportMap=0.469934, SortExportsNonSeekfree=1.983918, SortExportsSeekfreeConstructor=0.082105, SortExportsSeekfreeInner=28.768528, SortExportsSeekfree=0.009019, BuildDependencyMap=0.142753, SerializeImportMap=0.025194, SerializeExportMap=0.071529, SerializeDependencyMap=0.018351, SerializeStringAssetReferenceMap=0.002798, SaveThumbNailsAssetRegistryDataWorldLevelInfo=10.561511, SerializeExports=21.965858, SerializeBulkData=0.012439, MoveFile=1.266424, UnaccountedTime=0.961013, RunGuid=RunID3C1B92A0453CF1600FCC97AA91422040
SavePackageTransactionId3DBA54E4469CFC9AB0CFFEAE71587962_15, Filename=../../../../../../Unreal Project/TwinStickShooter 4.11/Content/Blueprints/HeroCharacter.uasset, AutoPackageBackupDelegate=3.314722, FlushAsyncLoading=0.003729, FlushStreamingFunc=0.098590, BlockTillAllRequestsFinished=0.005908, ResetLoadersForSaveUnMarkAllObjects=0.148665, TagPackageExports=15.421629, BeginCacheForCookedPlatformData=0.007156, SerializeImports=18.494387, GatherLocalizableTextData=11.594679, MarkNames=0.111964, SerializeSummary=0.015859, SerializeNames=0.351440, SerializeGatherableTextData=0.098277, BuildExportMap=0.288926, SortExportsNonSeekfree=1.932915, SortExportsSeekfreeConstructor=0.068109, SortExportsSeekfreeInner=29.526144, SortExportsSeekfree=0.009019, BuildDependencyMap=0.136841, SerializeImportMap=0.029545, SerializeExportMap=0.072464, SerializeDependencyMap=0.017729, SerializeStringAssetReferenceMap=0.002488, SaveThumbNailsAssetRegistryDataWorldLevelInfo=9.243150, SerializeExports=22.356792, SerializeBulkData=0.014305, MoveFile=1.222260, UnaccountedTime=1.005176, RunGuid=RunID3C1B92A0453CF1600FCC97AA91422040
SavePackageTransactionId3DBA54E4469CFC9AB0CFFEAE71587962_16, Filename=../../../../../../Unreal Project/TwinStickShooter 4.11/Content/Blueprints/HeroCharacter.uasset, AutoPackageBackupDelegate=3.157038, FlushAsyncLoading=0.003111, FlushStreamingFunc=0.107609, BlockTillAllRequestsFinished=0.005286, ResetLoadersForSaveUnMarkAllObjects=0.144929, TagPackageExports=15.684433, BeginCacheForCookedPlatformData=0.007775, SerializeImports=17.777822, GatherLocalizableTextData=12.535170, MarkNames=0.133730, SerializeSummary=0.018042, SerializeNames=0.348017, SerializeGatherableTextData=0.094544, BuildExportMap=0.282396, SortExportsNonSeekfree=1.930114, SortExportsSeekfreeConstructor=0.068422, SortExportsSeekfreeInner=28.267496, SortExportsSeekfree=0.009641, BuildDependencyMap=0.139643, SerializeImportMap=0.029236, SerializeExportMap=0.088014, SerializeDependencyMap=0.018038, SerializeStringAssetReferenceMap=0.002488, SaveThumbNailsAssetRegistryDataWorldLevelInfo=9.867344, SerializeExports=23.059357, SerializeBulkData=0.012752, MoveFile=1.350395, UnaccountedTime=1.002688, RunGuid=RunID3C1B92A0453CF1600FCC97AA91422040
SavePackageTransactionId3DBA54E4469CFC9AB0CFFEAE71587962_17, Filename=../../../../../../Unreal Project/TwinStickShooter 4.11/Saved/Autosaves/Game/AnimationAssets/characterAnimateBP_Auto5.uasset, AutoPackageBackupDelegate=8.968842, FlushAsyncLoading=0.013996, FlushStreamingFunc=0.052560, BlockTillAllRequestsFinished=0.006218, ResetLoadersForSaveUnMarkAllObjects=0.205267, TagPackageExports=7.432465, BeginCacheForCookedPlatformData=0.012126, SerializeImports=8.650061, GatherLocalizableTextData=4.998203, MarkNames=0.084594, SerializeSummary=0.020839, SerializeNames=0.381917, SerializeGatherableTextData=0.136532, BuildExportMap=0.257205, SortExportsNonSeekfree=0.836611, SortExportsSeekfreeConstructor=0.068109, SortExportsSeekfreeInner=10.808140, SortExportsSeekfree=0.006843, BuildDependencyMap=0.049140, SerializeImportMap=0.018660, SerializeExportMap=0.026748, SerializeDependencyMap=0.006843, SerializeStringAssetReferenceMap=0.001866, SaveThumbNailsAssetRegistryDataWorldLevelInfo=11.969134, SerializeExports=9.727076, SerializeBulkData=0.011820, MoveFile=0.971586, UnaccountedTime=0.134669, RunGuid=RunID3C1B92A0453CF1600FCC97AA91422040
SavePackageTransactionId3DBA54E4469CFC9AB0CFFEAE71587962_18, Filename=../../../../../../Unreal Project/TwinStickShooter 4.11/Content/Blueprints/HeroCharacter.uasset, AutoPackageBackupDelegate=5.573258, FlushAsyncLoading=0.009641, FlushStreamingFunc=0.047587, BlockTillAllRequestsFinished=0.006218, ResetLoadersForSaveUnMarkAllObjects=0.162035, TagPackageExports=19.240496, BeginCacheForCookedPlatformData=0.006840, SerializeImports=21.522358, GatherLocalizableTextData=13.886497, MarkNames=0.114143, SerializeSummary=0.020836, SerializeNames=0.333089, SerializeGatherableTextData=0.093926, BuildExportMap=0.282705, SortExportsNonSeekfree=2.028082, SortExportsSeekfreeConstructor=0.070598, SortExportsSeekfreeInner=32.271721, SortExportsSeekfree=0.009950, BuildDependencyMap=0.147730, SerializeImportMap=0.032656, SerializeExportMap=0.100456, SerializeDependencyMap=0.017416, SerializeStringAssetReferenceMap=0.002176, SaveThumbNailsAssetRegistryDataWorldLevelInfo=12.889404, SerializeExports=25.279331, SerializeBulkData=0.013687, MoveFile=1.366876, UnaccountedTime=1.347288, RunGuid=RunID3C1B92A0453CF1600FCC97AA91422040
SavePackageTransactionId3DBA54E4469CFC9AB0CFFEAE71587962_19, Filename=../../../../../../Unreal Project/TwinStickShooter 4.11/Content/AnimationAssets/NewBlendSpace.uasset, AutoPackageBackupDelegate=4.223797, FlushAsyncLoading=0.011817, FlushStreamingFunc=0.071842, BlockTillAllRequestsFinished=0.007153, ResetLoadersForSaveUnMarkAllObjects=0.220507, TagPackageExports=0.053182, BeginCacheForCookedPlatformData=0.001866, SerializeImports=0.809554, GatherLocalizableTextData=0.181627, MarkNames=0.008088, SerializeSummary=0.012130, SerializeNames=0.088636, SerializeGatherableTextData=0.003111, BuildExportMap=0.060648, SortExportsNonSeekfree=0.008706, SortExportsSeekfreeConstructor=0.011820, SortExportsSeekfreeInner=0.446294, SortExportsSeekfree=0.004046, BuildDependencyMap=0.007775, SerializeImportMap=0.010263, SerializeExportMap=0.005908, SerializeDependencyMap=0.001244, SerializeStringAssetReferenceMap=0.001244, SaveThumbNailsAssetRegistryDataWorldLevelInfo=0.173233, SerializeExports=1.070797, SerializeBulkData=0.010576, MoveFile=1.494393, UnaccountedTime=0.100765, RunGuid=RunID3C1B92A0453CF1600FCC97AA91422040
SavePackageTransactionId3DBA54E4469CFC9AB0CFFEAE71587962_20, Filename=../../../../../../Unreal Project/TwinStickShooter 4.11/Content/AnimationAssets/NewBlendSpace.uasset, AutoPackageBackupDelegate=3.229503, FlushAsyncLoading=0.004355, FlushStreamingFunc=0.064377, BlockTillAllRequestsFinished=0.005599, ResetLoadersForSaveUnMarkAllObjects=0.139643, TagPackageExports=0.029858, BeginCacheForCookedPlatformData=0.001244, SerializeImports=0.540219, GatherLocalizableTextData=0.197802, MarkNames=0.009019, SerializeSummary=0.010572, SerializeNames=0.032656, SerializeGatherableTextData=0.001244, BuildExportMap=0.035767, SortExportsNonSeekfree=0.004664, SortExportsSeekfreeConstructor=0.008710, SortExportsSeekfreeInner=0.361390, SortExportsSeekfree=0.003111, BuildDependencyMap=0.007153, SerializeImportMap=0.012752, SerializeExportMap=0.007462, SerializeDependencyMap=0.001553, SerializeStringAssetReferenceMap=0.001244, SaveThumbNailsAssetRegistryDataWorldLevelInfo=0.194069, SerializeExports=1.494080, SerializeBulkData=0.013065, MoveFile=1.270778, UnaccountedTime=0.902236, RunGuid=RunID3C1B92A0453CF1600FCC97AA91422040
DDCTransactionIdADD10D9744B9314227E98DA9789792E4_14, PutCachedData=, CacheKey=REFL_FULL_0C6693969CB849AE9F4120FF5812F4D2_F8E6CCB34D6E33A77C95E587EB8CCC4D, StartTime=2016.04.26-20.51.17, HierarchicalDDC=, DataSize=162403, Duration=2.657562, RunGuid=RunID3C1B92A0453CF1600FCC97AA91422040
SavePackageTransactionId3DBA54E4469CFC9AB0CFFEAE71587962_21, Filename=../../../../../../Unreal Project/TwinStickShooter 4.11/Content/AnimationAssets/characterAnimateBP.uasset, AutoPackageBackupDelegate=6.367885, FlushAsyncLoading=0.009332, FlushStreamingFunc=0.053182, BlockTillAllRequestsFinished=0.005908, ResetLoadersForSaveUnMarkAllObjects=0.160791, TagPackageExports=10.675341, BeginCacheForCookedPlatformData=0.006840, SerializeImports=11.286471, GatherLocalizableTextData=8.815825, MarkNames=0.078999, SerializeSummary=0.022393, SerializeNames=0.311006, SerializeGatherableTextData=0.172611, BuildExportMap=0.200287, SortExportsNonSeekfree=1.392383, SortExportsSeekfreeConstructor=0.071842, SortExportsSeekfreeInner=12.514953, SortExportsSeekfree=0.007462, BuildDependencyMap=0.073712, SerializeImportMap=0.034522, SerializeExportMap=0.053182, SerializeDependencyMap=0.024259, SerializeStringAssetReferenceMap=0.005908, SaveThumbNailsAssetRegistryDataWorldLevelInfo=11.407763, SerializeExports=14.801170, SerializeBulkData=0.014618, MoveFile=1.287259, UnaccountedTime=0.959773, RunGuid=RunID3C1B92A0453CF1600FCC97AA91422040
SavePackageTransactionId3DBA54E4469CFC9AB0CFFEAE71587962_22, Filename=../../../../../../Unreal Project/TwinStickShooter 4.11/Content/AnimationAssets/characterAnimateBP.uasset, AutoPackageBackupDelegate=3.401183, FlushAsyncLoading=0.004042, FlushStreamingFunc=0.134978, BlockTillAllRequestsFinished=0.006840, ResetLoadersForSaveUnMarkAllObjects=0.193138, TagPackageExports=10.674097, BeginCacheForCookedPlatformData=0.006840, SerializeImports=10.853861, GatherLocalizableTextData=8.186035, MarkNames=0.081796, SerializeSummary=0.016481, SerializeNames=0.329982, SerializeGatherableTextData=0.183493, BuildExportMap=0.217084, SortExportsNonSeekfree=1.116205, SortExportsSeekfreeConstructor=0.066556, SortExportsSeekfreeInner=10.846708, SortExportsSeekfree=0.007775, BuildDependencyMap=0.076506, SerializeImportMap=0.020839, SerializeExportMap=0.042606, SerializeDependencyMap=0.009328, SerializeStringAssetReferenceMap=0.001866, SaveThumbNailsAssetRegistryDataWorldLevelInfo=19.965141, SerializeExports=14.363270, SerializeBulkData=0.011198, MoveFile=1.310274, UnaccountedTime=0.971902, RunGuid=RunID3C1B92A0453CF1600FCC97AA91422040
SavePackageTransactionId3DBA54E4469CFC9AB0CFFEAE71587962_23, Filename=../../../../../../Unreal Project/TwinStickShooter 4.11/Content/AnimationAssets/characterAnimateBP.uasset, AutoPackageBackupDelegate=3.333382, FlushAsyncLoading=0.003733, FlushStreamingFunc=0.098590, BlockTillAllRequestsFinished=0.005908, ResetLoadersForSaveUnMarkAllObjects=0.143062, TagPackageExports=11.382259, BeginCacheForCookedPlatformData=0.006221, SerializeImports=12.565337, GatherLocalizableTextData=8.982524, MarkNames=0.084907, SerializeSummary=0.016481, SerializeNames=0.376943, SerializeGatherableTextData=0.317536, BuildExportMap=0.285506, SortExportsNonSeekfree=1.298148, SortExportsSeekfreeConstructor=0.064690, SortExportsSeekfreeInner=13.711396, SortExportsSeekfree=0.008710, BuildDependencyMap=0.088636, SerializeImportMap=0.024881, SerializeExportMap=0.052560, SerializeDependencyMap=0.009641, SerializeStringAssetReferenceMap=0.001866, SaveThumbNailsAssetRegistryDataWorldLevelInfo=9.335209, SerializeExports=17.099514, SerializeBulkData=0.011198, MoveFile=1.238432, UnaccountedTime=0.991181, RunGuid=RunID3C1B92A0453CF1600FCC97AA91422040
SavePackageTransactionId3DBA54E4469CFC9AB0CFFEAE71587962_24, Filename=../../../../../../Unreal Project/TwinStickShooter 4.11/Content/Blueprints/HeroCharacter.uasset, AutoPackageBackupDelegate=4.682220, FlushAsyncLoading=0.009641, FlushStreamingFunc=0.087705, BlockTillAllRequestsFinished=0.006530, ResetLoadersForSaveUnMarkAllObjects=0.168879, TagPackageExports=16.422764, BeginCacheForCookedPlatformData=0.007465, SerializeImports=28.560776, GatherLocalizableTextData=12.352291, MarkNames=0.141200, SerializeSummary=0.018660, SerializeNames=0.357036, SerializeGatherableTextData=0.116941, BuildExportMap=0.325937, SortExportsNonSeekfree=1.860756, SortExportsSeekfreeConstructor=0.070289, SortExportsSeekfreeInner=28.650965, SortExportsSeekfree=0.009023, BuildDependencyMap=0.145551, SerializeImportMap=0.036698, SerializeExportMap=0.103876, SerializeDependencyMap=0.017416, SerializeStringAssetReferenceMap=0.002179, SaveThumbNailsAssetRegistryDataWorldLevelInfo=9.949759, SerializeExports=22.680243, SerializeBulkData=0.013996, MoveFile=1.402956, UnaccountedTime=1.106255, RunGuid=RunID3C1B92A0453CF1600FCC97AA91422040
SavePackageTransactionId3DBA54E4469CFC9AB0CFFEAE71587962_25, Filename=../../../../../../Unreal Project/TwinStickShooter 4.11/Content/Blueprints/HeroCharacter.uasset, AutoPackageBackupDelegate=4.219752, FlushAsyncLoading=0.004042, FlushStreamingFunc=0.110410, BlockTillAllRequestsFinished=0.006221, ResetLoadersForSaveUnMarkAllObjects=0.148349, TagPackageExports=15.881300, BeginCacheForCookedPlatformData=0.007153, SerializeImports=17.390001, GatherLocalizableTextData=12.512774, MarkNames=0.114761, SerializeSummary=0.016794, SerializeNames=0.346776, SerializeGatherableTextData=0.094544, BuildExportMap=0.300433, SortExportsNonSeekfree=1.860447, SortExportsSeekfreeConstructor=0.066556, SortExportsSeekfreeInner=30.053612, SortExportsSeekfree=0.035144, BuildDependencyMap=0.224236, SerializeImportMap=0.026744, SerializeExportMap=0.074331, SerializeDependencyMap=0.023324, SerializeStringAssetReferenceMap=0.004977, SaveThumbNailsAssetRegistryDataWorldLevelInfo=9.649016, SerializeExports=22.038319, SerializeBulkData=0.011198, MoveFile=1.233768, UnaccountedTime=1.569968, RunGuid=RunID3C1B92A0453CF1600FCC97AA91422040
SavePackageTransactionId3DBA54E4469CFC9AB0CFFEAE71587962_26, Filename=../../../../../../Unreal Project/TwinStickShooter 4.11/Saved/Autosaves/Game/Blueprints/HeroCharacter_Auto6.uasset, AutoPackageBackupDelegate=4.261426, FlushAsyncLoading=0.004977, FlushStreamingFunc=0.056915, BlockTillAllRequestsFinished=0.006221, ResetLoadersForSaveUnMarkAllObjects=0.153325, TagPackageExports=23.538933, BeginCacheForCookedPlatformData=0.007465, SerializeImports=21.441183, GatherLocalizableTextData=17.531820, MarkNames=0.178829, SerializeSummary=0.020526, SerializeNames=0.581894, SerializeGatherableTextData=0.149284, BuildExportMap=0.496682, SortExportsNonSeekfree=2.286527, SortExportsSeekfreeConstructor=0.073709, SortExportsSeekfreeInner=38.786087, SortExportsSeekfree=0.009954, BuildDependencyMap=0.155501, SerializeImportMap=0.027370, SerializeExportMap=0.074331, SerializeDependencyMap=0.017107, SerializeStringAssetReferenceMap=0.002488, SaveThumbNailsAssetRegistryDataWorldLevelInfo=2.521340, SerializeExports=31.778772, SerializeBulkData=0.015236, MoveFile=16.749945, UnaccountedTime=1.005176, RunGuid=RunID3C1B92A0453CF1600FCC97AA91422040
SavePackageTransactionId3DBA54E4469CFC9AB0CFFEAE71587962_27, Filename=../../../../../../Unreal Project/TwinStickShooter 4.11/Content/Blueprints/HeroCharacter.uasset, AutoPackageBackupDelegate=4.907701, FlushAsyncLoading=0.010263, FlushStreamingFunc=0.052247, BlockTillAllRequestsFinished=0.006843, ResetLoadersForSaveUnMarkAllObjects=0.169810, TagPackageExports=16.538769, BeginCacheForCookedPlatformData=0.007462, SerializeImports=31.023647, GatherLocalizableTextData=12.095712, MarkNames=0.152394, SerializeSummary=0.019904, SerializeNames=0.669599, SerializeGatherableTextData=0.157993, BuildExportMap=0.378806, SortExportsNonSeekfree=1.971167, SortExportsSeekfreeConstructor=0.099212, SortExportsSeekfreeInner=29.338915, SortExportsSeekfree=0.009641, BuildDependencyMap=0.153951, SerializeImportMap=0.026748, SerializeExportMap=0.077132, SerializeDependencyMap=0.017729, SerializeStringAssetReferenceMap=0.002488, SaveThumbNailsAssetRegistryDataWorldLevelInfo=11.806477, SerializeExports=23.337399, SerializeBulkData=0.012439, MoveFile=1.318671, UnaccountedTime=1.234081, RunGuid=RunID3C1B92A0453CF1600FCC97AA91422040
SavePackageTransactionId3DBA54E4469CFC9AB0CFFEAE71587962_28, Filename=../../../../../../Unreal Project/TwinStickShooter 4.11/Content/AnimationAssets/UE4_Mannequin/Mesh/UE4_Mannequin_Skeleton.uasset, AutoPackageBackupDelegate=4.899613, FlushAsyncLoading=0.013996, FlushStreamingFunc=0.088327, BlockTillAllRequestsFinished=0.008710, ResetLoadersForSaveUnMarkAllObjects=2.426792, TagPackageExports=0.036076, BeginCacheForCookedPlatformData=0.001244, SerializeImports=34.046329, GatherLocalizableTextData=0.139643, MarkNames=0.006218, SerializeSummary=0.014618, SerializeNames=0.074644, SerializeGatherableTextData=0.001553, BuildExportMap=0.014618, SortExportsNonSeekfree=0.006530, SortExportsSeekfreeConstructor=0.009019, SortExportsSeekfreeInner=0.148352, SortExportsSeekfree=0.003111, BuildDependencyMap=0.006218, SerializeImportMap=0.006530, SerializeExportMap=0.004977, SerializeDependencyMap=0.001241, SerializeStringAssetReferenceMap=0.002488, SaveThumbNailsAssetRegistryDataWorldLevelInfo=0.039812, SerializeExports=0.588737, SerializeBulkData=0.005908, MoveFile=7.097196, UnaccountedTime=1.125850, RunGuid=RunID3C1B92A0453CF1600FCC97AA91422040
SavePackageTransactionId3DBA54E4469CFC9AB0CFFEAE71587962_29, Filename=../../../../../../Unreal Project/TwinStickShooter 4.11/Content/AnimationAssets/UE4_Mannequin/Mesh/UE4_Mannequin_Skeleton.uasset, AutoPackageBackupDelegate=4.824665, FlushAsyncLoading=0.005908, FlushStreamingFunc=0.054736, BlockTillAllRequestsFinished=0.005599, ResetLoadersForSaveUnMarkAllObjects=0.150219, TagPackageExports=0.037633, BeginCacheForCookedPlatformData=0.001244, SerializeImports=0.732422, GatherLocalizableTextData=0.219572, MarkNames=0.008706, SerializeSummary=0.014931, SerializeNames=0.093922, SerializeGatherableTextData=0.003111, BuildExportMap=0.020839, SortExportsNonSeekfree=0.010572, SortExportsSeekfreeConstructor=0.012130, SortExportsSeekfreeInner=0.207134, SortExportsSeekfree=0.004351, BuildDependencyMap=0.008088, SerializeImportMap=0.007153, SerializeExportMap=0.005290, SerializeDependencyMap=0.001863, SerializeStringAssetReferenceMap=0.002801, SaveThumbNailsAssetRegistryDataWorldLevelInfo=0.054736, SerializeExports=0.625439, SerializeBulkData=0.006840, MoveFile=1.202665, UnaccountedTime=0.094235, RunGuid=RunID3C1B92A0453CF1600FCC97AA91422040
SavePackageTransactionId3DBA54E4469CFC9AB0CFFEAE71587962_30, Filename=../../../../../../Unreal Project/TwinStickShooter 4.11/Content/AnimationAssets/UE4_Mannequin/Mesh/UE4_Mannequin_Skeleton.uasset, AutoPackageBackupDelegate=5.392250, FlushAsyncLoading=0.006221, FlushStreamingFunc=0.100143, BlockTillAllRequestsFinished=0.006530, ResetLoadersForSaveUnMarkAllObjects=0.156127, TagPackageExports=0.035454, BeginCacheForCookedPlatformData=0.001557, SerializeImports=0.606775, GatherLocalizableTextData=0.122227, MarkNames=0.004977, SerializeSummary=0.010885, SerializeNames=0.071529, SerializeGatherableTextData=0.001244, BuildExportMap=0.013996, SortExportsNonSeekfree=0.006221, SortExportsSeekfreeConstructor=0.009019, SortExportsSeekfreeInner=0.141818, SortExportsSeekfree=0.002801, BuildDependencyMap=0.006840, SerializeImportMap=0.006534, SerializeExportMap=0.004664, SerializeDependencyMap=0.001244, SerializeStringAssetReferenceMap=0.002176, SaveThumbNailsAssetRegistryDataWorldLevelInfo=0.034213, SerializeExports=0.547994, SerializeBulkData=0.005286, MoveFile=1.463912, UnaccountedTime=0.110097, RunGuid=RunID3C1B92A0453CF1600FCC97AA91422040
DDCTransactionIdADD10D9744B9314227E98DA9789792E4_15, PutCachedData=, CacheKey=REFL_FULL_0C6693969CB849AE9F4120FF5812F4D2_9C2ED20E411F5140E68474A6F55E5744, StartTime=2016.04.26-21.13.46, HierarchicalDDC=, DataSize=162403, Duration=3.528383, RunGuid=RunID3C1B92A0453CF1600FCC97AA91422040
SavePackageTransactionId3DBA54E4469CFC9AB0CFFEAE71587962_31, Filename=../../../../../../Unreal Project/TwinStickShooter 4.11/Content/Blueprints/Weapon.uasset, AutoPackageBackupDelegate=4.430305, FlushAsyncLoading=0.008084, FlushStreamingFunc=0.092991, BlockTillAllRequestsFinished=0.007465, ResetLoadersForSaveUnMarkAllObjects=0.157680, TagPackageExports=4.853588, BeginCacheForCookedPlatformData=0.005599, SerializeImports=13.601303, GatherLocalizableTextData=4.558127, MarkNames=0.057537, SerializeSummary=0.016171, SerializeNames=0.260938, SerializeGatherableTextData=0.020836, BuildExportMap=0.139643, SortExportsNonSeekfree=0.433546, SortExportsSeekfreeConstructor=0.065934, SortExportsSeekfreeInner=10.592300, SortExportsSeekfree=0.008710, BuildDependencyMap=0.056602, SerializeImportMap=0.023950, SerializeExportMap=0.032652, SerializeDependencyMap=0.005599, SerializeStringAssetReferenceMap=0.002176, SaveThumbNailsAssetRegistryDataWorldLevelInfo=6.447502, SerializeExports=7.630576, SerializeBulkData=0.013374, MoveFile=1.246832, UnaccountedTime=1.496881, RunGuid=RunID3C1B92A0453CF1600FCC97AA91422040
DDCTransactionIdADD10D9744B9314227E98DA9789792E4_16, PutCachedData=, CacheKey=REFL_FULL_0C6693969CB849AE9F4120FF5812F4D2_BE2ECB58435F62CD3A3F3293624B7656, StartTime=2016.04.26-21.15.36, HierarchicalDDC=, DataSize=162403, Duration=3.261849, RunGuid=RunID3C1B92A0453CF1600FCC97AA91422040
SavePackageTransactionId3DBA54E4469CFC9AB0CFFEAE71587962_32, Filename=../../../../../../Unreal Project/TwinStickShooter 4.11/Content/Blueprints/HeroCharacter.uasset, AutoPackageBackupDelegate=4.605092, FlushAsyncLoading=0.010576, FlushStreamingFunc=0.051938, BlockTillAllRequestsFinished=0.005599, ResetLoadersForSaveUnMarkAllObjects=0.155192, TagPackageExports=16.877144, BeginCacheForCookedPlatformData=0.007775, SerializeImports=22.050760, GatherLocalizableTextData=17.056286, MarkNames=0.116941, SerializeSummary=0.017416, SerializeNames=0.338688, SerializeGatherableTextData=0.111651, BuildExportMap=0.613309, SortExportsNonSeekfree=3.435388, SortExportsSeekfreeConstructor=0.093926, SortExportsSeekfreeInner=33.969200, SortExportsSeekfree=0.010572, BuildDependencyMap=0.199977, SerializeImportMap=0.026435, SerializeExportMap=0.073709, SerializeDependencyMap=0.024259, SerializeStringAssetReferenceMap=0.002798, SaveThumbNailsAssetRegistryDataWorldLevelInfo=9.890359, SerializeExports=28.220844, SerializeBulkData=0.011507, MoveFile=1.290370, UnaccountedTime=1.567479, RunGuid=RunID3C1B92A0453CF1600FCC97AA91422040
SavePackageTransactionId3DBA54E4469CFC9AB0CFFEAE71587962_33, Filename=../../../../../../Unreal Project/TwinStickShooter 4.11/Content/Blueprints/Weapon.uasset, AutoPackageBackupDelegate=4.053052, FlushAsyncLoading=0.005290, FlushStreamingFunc=0.053182, BlockTillAllRequestsFinished=0.005286, ResetLoadersForSaveUnMarkAllObjects=0.146173, TagPackageExports=6.858654, BeginCacheForCookedPlatformData=0.004977, SerializeImports=8.453190, GatherLocalizableTextData=5.063515, MarkNames=0.046030, SerializeSummary=0.019595, SerializeNames=0.244763, SerializeGatherableTextData=0.019282, BuildExportMap=0.139020, SortExportsNonSeekfree=0.452828, SortExportsSeekfreeConstructor=0.554837, SortExportsSeekfreeInner=11.130966, SortExportsSeekfree=0.006530, BuildDependencyMap=0.051629, SerializeImportMap=0.017103, SerializeExportMap=0.029858, SerializeDependencyMap=0.005599, SerializeStringAssetReferenceMap=0.001866, SaveThumbNailsAssetRegistryDataWorldLevelInfo=7.573038, SerializeExports=7.853568, SerializeBulkData=0.010885, MoveFile=1.193337, UnaccountedTime=0.947330, RunGuid=RunID3C1B92A0453CF1600FCC97AA91422040
SavePackageTransactionId3DBA54E4469CFC9AB0CFFEAE71587962_34, Filename=../../../../../../Unreal Project/TwinStickShooter 4.11/Content/Blueprints/HeroCharacter.uasset, AutoPackageBackupDelegate=3.901593, FlushAsyncLoading=0.006221, FlushStreamingFunc=0.064068, BlockTillAllRequestsFinished=0.006843, ResetLoadersForSaveUnMarkAllObjects=0.198733, TagPackageExports=17.746410, BeginCacheForCookedPlatformData=0.007465, SerializeImports=17.166071, GatherLocalizableTextData=13.121728, MarkNames=0.124402, SerializeSummary=0.016797, SerializeNames=0.360146, SerializeGatherableTextData=0.106674, BuildExportMap=0.295147, SortExportsNonSeekfree=1.887508, SortExportsSeekfreeConstructor=0.067178, SortExportsSeekfreeInner=29.922367, SortExportsSeekfree=0.008706, BuildDependencyMap=0.146173, SerializeImportMap=0.026435, SerializeExportMap=0.074644, SerializeDependencyMap=0.017107, SerializeStringAssetReferenceMap=0.002176, SaveThumbNailsAssetRegistryDataWorldLevelInfo=9.449347, SerializeExports=22.338755, SerializeBulkData=0.011507, MoveFile=1.232211, UnaccountedTime=0.170745, RunGuid=RunID3C1B92A0453CF1600FCC97AA91422040
DDCTransactionIdADD10D9744B9314227E98DA9789792E4_17, PutCachedData=, CacheKey=REFL_FULL_0C6693969CB849AE9F4120FF5812F4D2_85BAAFAF45CBF7ED1049E8A5F0A79BD2, StartTime=2016.04.26-21.18.28, HierarchicalDDC=, DataSize=162403, Duration=3.150817, RunGuid=RunID3C1B92A0453CF1600FCC97AA91422040
DDCTransactionIdADD10D9744B9314227E98DA9789792E4_18, PutCachedData=, CacheKey=REFL_FULL_0C6693969CB849AE9F4120FF5812F4D2_641E99924B199EAF5C3F79A32CBF8B56, StartTime=2016.04.26-21.18.54, HierarchicalDDC=, DataSize=162403, Duration=2.577946, RunGuid=RunID3C1B92A0453CF1600FCC97AA91422040
SavePackageTransactionId3DBA54E4469CFC9AB0CFFEAE71587962_35, Filename=../../../../../../Unreal Project/TwinStickShooter 4.11/Content/AnimationAssets/UE4_Mannequin/Mesh/UE4_Mannequin_Skeleton.uasset, AutoPackageBackupDelegate=4.394542, FlushAsyncLoading=0.011817, FlushStreamingFunc=0.077132, BlockTillAllRequestsFinished=0.009019, ResetLoadersForSaveUnMarkAllObjects=0.250980, TagPackageExports=0.059094, BeginCacheForCookedPlatformData=0.002488, SerializeImports=21.223169, GatherLocalizableTextData=0.141196, MarkNames=0.006221, SerializeSummary=0.014614, SerializeNames=0.076510, SerializeGatherableTextData=0.001553, BuildExportMap=0.014309, SortExportsNonSeekfree=0.006218, SortExportsSeekfreeConstructor=0.009641, SortExportsSeekfreeInner=0.145555, SortExportsSeekfree=0.002798, BuildDependencyMap=0.007153, SerializeImportMap=0.006840, SerializeExportMap=0.004977, SerializeDependencyMap=0.000935, SerializeStringAssetReferenceMap=0.002488, SaveThumbNailsAssetRegistryDataWorldLevelInfo=0.038873, SerializeExports=0.558261, SerializeBulkData=0.005599, MoveFile=1.184627, UnaccountedTime=0.894148, RunGuid=RunID3C1B92A0453CF1600FCC97AA91422040
SavePackageTransactionId3DBA54E4469CFC9AB0CFFEAE71587962_36, Filename=../../../../../../Unreal Project/TwinStickShooter 4.11/Content/Blueprints/Weapon.uasset, AutoPackageBackupDelegate=5.166151, FlushAsyncLoading=0.007775, FlushStreamingFunc=0.101078, BlockTillAllRequestsFinished=0.005908, ResetLoadersForSaveUnMarkAllObjects=0.149593, TagPackageExports=5.135983, BeginCacheForCookedPlatformData=0.007153, SerializeImports=29.313103, GatherLocalizableTextData=4.339803, MarkNames=0.055980, SerializeSummary=0.015862, SerializeNames=0.306029, SerializeGatherableTextData=0.022393, BuildExportMap=0.141200, SortExportsNonSeekfree=0.430122, SortExportsSeekfreeConstructor=0.064068, SortExportsSeekfreeInner=9.845261, SortExportsSeekfree=0.009645, BuildDependencyMap=0.066552, SerializeImportMap=0.016484, SerializeExportMap=0.029858, SerializeDependencyMap=0.005595, SerializeStringAssetReferenceMap=0.002179, SaveThumbNailsAssetRegistryDataWorldLevelInfo=6.176613, SerializeExports=6.932363, SerializeBulkData=0.009328, MoveFile=1.520827, UnaccountedTime=0.967234, RunGuid=RunID3C1B92A0453CF1600FCC97AA91422040
SavePackageTransactionId3DBA54E4469CFC9AB0CFFEAE71587962_37, Filename=../../../../../../Unreal Project/TwinStickShooter 4.11/Content/AnimationAssets/UE4_Mannequin/Mesh/UE4_Mannequin_Skeleton.uasset, AutoPackageBackupDelegate=3.567878, FlushAsyncLoading=0.003733, FlushStreamingFunc=0.086460, BlockTillAllRequestsFinished=0.005908, ResetLoadersForSaveUnMarkAllObjects=0.137467, TagPackageExports=0.035144, BeginCacheForCookedPlatformData=0.001244, SerializeImports=0.537731, GatherLocalizableTextData=0.123158, MarkNames=0.004668, SerializeSummary=0.010263, SerializeNames=0.088014, SerializeGatherableTextData=0.002176, BuildExportMap=0.014309, SortExportsNonSeekfree=0.006218, SortExportsSeekfreeConstructor=0.008401, SortExportsSeekfreeInner=0.128444, SortExportsSeekfree=0.002488, BuildDependencyMap=0.005908, SerializeImportMap=0.006840, SerializeExportMap=0.004668, SerializeDependencyMap=0.001244, SerializeStringAssetReferenceMap=0.002176, SaveThumbNailsAssetRegistryDataWorldLevelInfo=0.033900, SerializeExports=0.552349, SerializeBulkData=0.004668, MoveFile=1.307476, UnaccountedTime=0.126891, RunGuid=RunID3C1B92A0453CF1600FCC97AA91422040
SavePackageTransactionId3DBA54E4469CFC9AB0CFFEAE71587962_38, Filename=../../../../../../Unreal Project/TwinStickShooter 4.11/Content/NewMap.umap, AutoPackageBackupDelegate=6.048478, FlushAsyncLoading=0.011817, FlushStreamingFunc=0.100456, BlockTillAllRequestsFinished=0.006843, ResetLoadersForSaveUnMarkAllObjects=0.949506, TagPackageExports=0.908762, BeginCacheForCookedPlatformData=0.004046, SerializeImports=14.329992, GatherLocalizableTextData=9.061210, MarkNames=0.092991, SerializeSummary=0.027370, SerializeNames=0.340555, SerializeGatherableTextData=0.015549, BuildExportMap=0.220817, SortExportsNonSeekfree=0.214282, SortExportsSeekfreeConstructor=0.066869, SortExportsSeekfreeInner=35.526722, SortExportsSeekfree=0.009023, BuildDependencyMap=0.073709, SerializeImportMap=0.020526, SerializeExportMap=0.025503, SerializeDependencyMap=0.009641, SerializeStringAssetReferenceMap=0.002488, SaveThumbNailsAssetRegistryDataWorldLevelInfo=0.756990, SerializeExports=3.351420, SerializeBulkData=0.009019, MoveFile=1.187738, UnaccountedTime=0.132181, RunGuid=RunID3C1B92A0453CF1600FCC97AA91422040
SavePackageTransactionId3DBA54E4469CFC9AB0CFFEAE71587962_39, Filename=../../../../../../Unreal Project/TwinStickShooter 4.11/Content/NewMap.umap, AutoPackageBackupDelegate=4.604470, FlushAsyncLoading=0.005286, FlushStreamingFunc=0.088640, BlockTillAllRequestsFinished=0.008084, ResetLoadersForSaveUnMarkAllObjects=0.176031, TagPackageExports=0.686396, BeginCacheForCookedPlatformData=0.002176, SerializeImports=2.530050, GatherLocalizableTextData=7.180545, MarkNames=0.057228, SerializeSummary=0.015549, SerializeNames=0.332776, SerializeGatherableTextData=0.015553, BuildExportMap=0.281148, SortExportsNonSeekfree=0.259072, SortExportsSeekfreeConstructor=0.075575, SortExportsSeekfreeInner=18.903360, SortExportsSeekfree=0.011198, BuildDependencyMap=0.120670, SerializeImportMap=0.029232, SerializeExportMap=0.032656, SerializeDependencyMap=0.015240, SerializeStringAssetReferenceMap=0.004042, SaveThumbNailsAssetRegistryDataWorldLevelInfo=0.854030, SerializeExports=4.975502, SerializeBulkData=0.013374, MoveFile=1.326758, UnaccountedTime=0.155818, RunGuid=RunID3C1B92A0453CF1600FCC97AA91422040
SavePackageTransactionId3DBA54E4469CFC9AB0CFFEAE71587962_40, Filename=../../../../../../Unreal Project/TwinStickShooter 4.11/Content/AnimationAssets/UE4_Mannequin/Mesh/SK_Mannequin.uasset, AutoPackageBackupDelegate=7.212892, FlushAsyncLoading=0.012442, FlushStreamingFunc=0.056602, BlockTillAllRequestsFinished=0.006843, ResetLoadersForSaveUnMarkAllObjects=0.526845, TagPackageExports=5.474050, BeginCacheForCookedPlatformData=0.004351, SerializeImports=22.370476, GatherLocalizableTextData=0.524670, MarkNames=0.017419, SerializeSummary=0.015549, SerializeNames=0.111341, SerializeGatherableTextData=0.002488, BuildExportMap=0.046648, SortExportsNonSeekfree=0.012442, SortExportsSeekfreeConstructor=0.091437, SortExportsSeekfreeInner=6.300394, SortExportsSeekfree=0.006530, BuildDependencyMap=0.011198, SerializeImportMap=0.012442, SerializeExportMap=0.008397, SerializeDependencyMap=0.001244, SerializeStringAssetReferenceMap=0.001557, SaveThumbNailsAssetRegistryDataWorldLevelInfo=8.479625, SerializeExports=24.959303, SerializeBulkData=0.416439, MoveFile=5.337827, UnaccountedTime=0.940796, RunGuid=RunID3C1B92A0453CF1600FCC97AA91422040
